"year","positionDisplayOrder","positionNumber","positionText","driverId","points","championshipWon"
1950,1,1,"1","nino-farina",30,true
1950,2,2,"2","juan-manuel-fangio",27,false
1950,3,3,"3","luigi-fagioli",24,false
1950,4,4,"4","louis-rosier",13,false
1950,5,5,"5","alberto-ascari",11,false
1950,6,6,"6","johnnie-parsons",9,false
1950,7,7,"7","bill-holland",6,false
1950,8,8,"8","birabongse-bhanudej",5,false
1950,9,9,"9","reg-parnell",4,false
1950,10,9,"9","louis-chiron",4,false
1950,11,9,"9","mauri-rose",4,false
1950,12,9,"9","peter-whitehead",4,false
1950,13,13,"13","dorino-serafini",3,false
1950,14,14,"14","yves-giraud-cabantous",3,false
1950,15,14,"14","raymond-sommer",3,false
1950,16,14,"14","cecil-green",3,false
1950,17,14,"14","robert-manzon",3,false
1950,18,18,"18","philippe-etancelin",3,false
1950,19,19,"19","felice-bonetto",2,false
1950,20,20,"20","joie-chitwood",1,false
1950,21,20,"20","tony-bettenhausen",1,false
1950,22,20,"20","eugene-chaboud",1,false
1951,1,1,"1","juan-manuel-fangio",31,true
1951,2,2,"2","alberto-ascari",25,false
1951,3,3,"3","jose-froilan-gonzalez",24,false
1951,4,4,"4","nino-farina",19,false
1951,5,5,"5","luigi-villoresi",15,false
1951,6,6,"6","piero-taruffi",10,false
1951,7,7,"7","lee-wallard",9,false
1951,8,8,"8","felice-bonetto",7,false
1951,9,9,"9","mike-nazaruk",6,false
1951,10,10,"10","reg-parnell",5,false
1951,11,11,"11","luigi-fagioli",4,false
1951,12,12,"12","consalvo-sanesi",3,false
1951,13,12,"12","andy-linden",3,false
1951,14,12,"12","louis-rosier",3,false
1951,15,15,"15","jack-mcgrath",2,false
1951,16,15,"15","manny-ayulo",2,false
1951,17,17,"17","emmanuel-de-graffenried",2,false
1951,18,17,"17","bobby-ball",2,false
1951,19,17,"17","yves-giraud-cabantous",2,false
1952,1,1,"1","alberto-ascari",36,true
1952,2,2,"2","nino-farina",24,false
1952,3,3,"3","piero-taruffi",22,false
1952,4,4,"4","rudi-fischer",10,false
1952,5,5,"5","mike-hawthorn",10,false
1952,6,6,"6","robert-manzon",9,false
1952,7,7,"7","troy-ruttman",8,false
1952,8,8,"8","luigi-villoresi",8,false
1952,9,9,"9","jose-froilan-gonzalez",6.5,false
1952,10,10,"10","jim-rathmann",6,false
1952,11,11,"11","jean-behra",6,false
1952,12,12,"12","sam-hanks",4,false
1952,13,13,"13","ken-wharton",3,false
1952,14,13,"13","duane-carter",3,false
1952,15,13,"13","dennis-poore",3,false
1952,16,16,"16","alan-brown",2,false
1952,17,16,"16","art-cross",2,false
1952,18,16,"16","paul-frere",2,false
1952,19,16,"16","maurice-trintignant",2,false
1952,20,16,"16","eric-thompson",2,false
1952,21,16,"16","felice-bonetto",2,false
1952,22,22,"22","bill-vukovich",1,false
1953,1,1,"1","alberto-ascari",34.5,true
1953,2,2,"2","juan-manuel-fangio",28,false
1953,3,3,"3","nino-farina",26,false
1953,4,4,"4","mike-hawthorn",19,false
1953,5,5,"5","luigi-villoresi",17,false
1953,6,6,"6","jose-froilan-gonzalez",13.5,false
1953,7,7,"7","bill-vukovich",9,false
1953,8,8,"8","emmanuel-de-graffenried",7,false
1953,9,9,"9","felice-bonetto",6.5,false
1953,10,10,"10","art-cross",6,false
1953,11,11,"11","onofre-marimon",4,false
1953,12,12,"12","maurice-trintignant",4,false
1953,13,13,"13","sam-hanks",2,false
1953,14,13,"13","duane-carter",2,false
1953,15,15,"15","oscar-alfredo-galvez",2,false
1953,16,15,"15","jack-mcgrath",2,false
1953,17,15,"15","hermann-lang",2,false
1953,18,18,"18","fred-agabashian",1.5,false
1953,19,18,"18","paul-russo",1.5,false
1954,1,1,"1","juan-manuel-fangio",42,true
1954,2,2,"2","jose-froilan-gonzalez",25.14,false
1954,3,3,"3","mike-hawthorn",24.64,false
1954,4,4,"4","maurice-trintignant",17,false
1954,5,5,"5","karl-kling",12,false
1954,6,6,"6","bill-vukovich",8,false
1954,7,7,"7","hans-herrmann",8,false
1954,8,8,"8","nino-farina",6,false
1954,9,8,"8","jimmy-bryan",6,false
1954,10,8,"8","luigi-musso",6,false
1954,11,11,"11","roberto-mieres",6,false
1954,12,12,"12","jack-mcgrath",5,false
1954,13,13,"13","stirling-moss",4.14,false
1954,14,13,"13","onofre-marimon",4.14,false
1954,15,15,"15","robert-manzon",4,false
1954,16,16,"16","sergio-mantovani",4,false
1954,17,17,"17","birabongse-bhanudej",3,false
1954,18,18,"18","umberto-maglioli",2,false
1954,19,19,"19","elie-bayol",2,false
1954,20,19,"19","mike-nazaruk",2,false
1954,21,19,"19","andre-pilette",2,false
1954,22,19,"19","luigi-villoresi",2,false
1954,23,23,"23","troy-ruttman",1.5,false
1954,24,23,"23","duane-carter",1.5,false
1954,25,25,"25","alberto-ascari",1.14,false
1954,26,26,"26","jean-behra",0.14,false
1955,1,1,"1","juan-manuel-fangio",40,true
1955,2,2,"2","stirling-moss",23,false
1955,3,3,"3","eugenio-castellotti",12,false
1955,4,4,"4","maurice-trintignant",11.33,false
1955,5,5,"5","nino-farina",10.33,false
1955,6,6,"6","piero-taruffi",9,false
1955,7,7,"7","bob-sweikert",8,false
1955,8,8,"8","roberto-mieres",7,false
1955,9,9,"9","jean-behra",6,false
1955,10,10,"10","luigi-musso",6,false
1955,11,11,"11","karl-kling",5,false
1955,12,12,"12","jimmy-davies",4,false
1955,13,13,"13","tony-bettenhausen",3,false
1955,14,13,"13","paul-russo",3,false
1955,15,15,"15","johnny-thomson",3,false
1955,16,15,"15","paul-frere",3,false
1955,17,17,"17","jose-froilan-gonzalez",2,false
1955,18,18,"18","cesare-perdisa",2,false
1955,19,19,"19","luigi-villoresi",2,false
1955,20,19,"19","carlos-menditeguy",2,false
1955,21,21,"21","umberto-maglioli",1.33,false
1955,22,22,"22","hans-herrmann",1,false
1955,23,23,"23","walt-faulkner",1,false
1955,24,23,"23","bill-homeier",1,false
1955,25,25,"25","bill-vukovich",1,false
1956,1,1,"1","juan-manuel-fangio",30,true
1956,2,2,"2","stirling-moss",27,false
1956,3,3,"3","peter-collins",25,false
1956,4,4,"4","jean-behra",22,false
1956,5,5,"5","pat-flaherty",8,false
1956,6,6,"6","eugenio-castellotti",7.5,false
1956,7,7,"7","sam-hanks",6,false
1956,8,7,"7","paul-frere",6,false
1956,9,9,"9","paco-godia",6,false
1956,10,10,"10","jack-fairman",5,false
1956,11,11,"11","luigi-musso",4,false
1956,12,12,"12","mike-hawthorn",4,false
1956,13,12,"12","don-freeland",4,false
1956,14,12,"12","ron-flockhart",4,false
1956,15,15,"15","alfonso-de-portago",3,false
1956,16,16,"16","cesare-perdisa",3,false
1956,17,17,"17","johnnie-parsons",3,false
1956,18,17,"17","harry-schell",3,false
1956,19,19,"19","olivier-gendebien",2,false
1956,20,19,"19","hermano-da-silva-ramos",2,false
1956,21,19,"19","dick-rathmann",2,false
1956,22,19,"19","luigi-villoresi",2,false
1956,23,19,"19","horace-gould",2,false
1956,24,19,"19","louis-rosier",2,false
1956,25,25,"25","chico-landi",1.5,false
1956,26,25,"25","gerino-gerini",1.5,false
1956,27,27,"27","paul-russo",1,false
1957,1,1,"1","juan-manuel-fangio",40,true
1957,2,2,"2","stirling-moss",25,false
1957,3,3,"3","luigi-musso",16,false
1957,4,4,"4","mike-hawthorn",13,false
1957,5,5,"5","tony-brooks",11,false
1957,6,6,"6","masten-gregory",10,false
1957,7,7,"7","harry-schell",10,false
1957,8,8,"8","sam-hanks",8,false
1957,9,9,"9","peter-collins",8,false
1957,10,10,"10","jim-rathmann",7,false
1957,11,11,"11","jean-behra",6,false
1957,12,12,"12","maurice-trintignant",5,false
1957,13,12,"12","stuart-lewis-evans",5,false
1957,14,14,"14","carlos-menditeguy",4,false
1957,15,14,"14","jimmy-bryan",4,false
1957,16,14,"14","wolfgang-von-trips",4,false
1957,17,17,"17","paul-russo",3,false
1957,18,18,"18","andy-linden",2,false
1957,19,18,"18","roy-salvadori",2,false
1957,20,20,"20","alfonso-de-portago",1,false
1957,21,20,"20","jose-froilan-gonzalez",1,false
1957,22,20,"20","giorgio-scarlatti",1,false
1958,1,1,"1","mike-hawthorn",42,true
1958,2,2,"2","stirling-moss",41,false
1958,3,3,"3","tony-brooks",24,false
1958,4,4,"4","roy-salvadori",15,false
1958,5,5,"5","peter-collins",14,false
1958,6,6,"6","harry-schell",14,false
1958,7,7,"7","maurice-trintignant",12,false
1958,8,8,"8","luigi-musso",12,false
1958,9,9,"9","stuart-lewis-evans",11,false
1958,10,10,"10","phil-hill",9,false
1958,11,11,"11","wolfgang-von-trips",9,false
1958,12,11,"11","jean-behra",9,false
1958,13,13,"13","jimmy-bryan",8,false
1958,14,14,"14","juan-manuel-fangio",7,false
1958,15,15,"15","george-amick",6,false
1958,16,16,"16","johnny-boyd",4,false
1958,17,17,"17","tony-bettenhausen",4,false
1958,18,18,"18","jack-brabham",3,false
1958,19,18,"18","cliff-allison",3,false
1958,20,18,"18","jo-bonnier",3,false
1958,21,21,"21","jim-rathmann",2,false
1959,1,1,"1","jack-brabham",31,true
1959,2,2,"2","tony-brooks",27,false
1959,3,3,"3","stirling-moss",25.5,false
1959,4,4,"4","phil-hill",20,false
1959,5,5,"5","maurice-trintignant",19,false
1959,6,6,"6","bruce-mclaren",16.5,false
1959,7,7,"7","dan-gurney",13,false
1959,8,8,"8","jo-bonnier",10,false
1959,9,9,"9","masten-gregory",10,false
1959,10,10,"10","rodger-ward",8,false
1959,11,11,"11","jim-rathmann",6,false
1959,12,12,"12","johnny-thomson",5,false
1959,13,13,"13","harry-schell",5,false
1959,14,13,"13","innes-ireland",5,false
1959,15,15,"15","tony-bettenhausen",3,false
1959,16,15,"15","olivier-gendebien",3,false
1959,17,17,"17","paul-goldsmith",2,false
1959,18,17,"17","jean-behra",2,false
1959,19,17,"17","cliff-allison",2,false
1960,1,1,"1","jack-brabham",43,true
1960,2,2,"2","bruce-mclaren",34,false
1960,3,3,"3","stirling-moss",19,false
1960,4,4,"4","innes-ireland",18,false
1960,5,5,"5","phil-hill",16,false
1960,6,6,"6","olivier-gendebien",10,false
1960,7,7,"7","wolfgang-von-trips",10,false
1960,8,8,"8","jim-rathmann",8,false
1960,9,9,"9","richie-ginther",8,false
1960,10,10,"10","jim-clark",8,false
1960,11,11,"11","tony-brooks",7,false
1960,12,12,"12","cliff-allison",6,false
1960,13,12,"12","rodger-ward",6,false
1960,14,12,"12","john-surtees",6,false
1960,15,15,"15","paul-goldsmith",4,false
1960,16,15,"15","graham-hill",4,false
1960,17,15,"15","willy-mairesse",4,false
1960,18,18,"18","jo-bonnier",4,false
1960,19,19,"19","carlos-menditeguy",3,false
1960,20,19,"19","don-branson",3,false
1960,21,19,"19","henry-taylor",3,false
1960,22,19,"19","giulio-cabianca",3,false
1960,23,23,"23","johnny-thomson",2,false
1960,24,24,"24","eddie-johnson",1,false
1960,25,24,"24","lucien-bianchi",1,false
1960,26,24,"24","ron-flockhart",1,false
1960,27,24,"24","hans-herrmann",1,false
1961,1,1,"1","phil-hill",34,true
1961,2,2,"2","wolfgang-von-trips",33,false
1961,3,3,"3","stirling-moss",21,false
1961,4,4,"4","dan-gurney",21,false
1961,5,5,"5","richie-ginther",16,false
1961,6,6,"6","innes-ireland",12,false
1961,7,7,"7","jim-clark",11,false
1961,8,8,"8","bruce-mclaren",11,false
1961,9,9,"9","giancarlo-baghetti",9,false
1961,10,10,"10","tony-brooks",6,false
1961,11,11,"11","jack-brabham",4,false
1961,12,12,"12","john-surtees",4,false
1961,13,13,"13","olivier-gendebien",3,false
1961,14,13,"13","jackie-lewis",3,false
1961,15,15,"15","jo-bonnier",3,false
1961,16,15,"15","graham-hill",3,false
1961,17,17,"17","roy-salvadori",2,false
1962,1,1,"1","graham-hill",42,true
1962,2,2,"2","jim-clark",30,false
1962,3,3,"3","bruce-mclaren",27,false
1962,4,4,"4","john-surtees",19,false
1962,5,5,"5","dan-gurney",15,false
1962,6,6,"6","phil-hill",14,false
1962,7,7,"7","tony-maggs",13,false
1962,8,8,"8","richie-ginther",10,false
1962,9,9,"9","jack-brabham",9,false
1962,10,10,"10","trevor-taylor",6,false
1962,11,11,"11","giancarlo-baghetti",5,false
1962,12,12,"12","lorenzo-bandini",4,false
1962,13,13,"13","ricardo-rodriguez",4,false
1962,14,14,"14","willy-mairesse",3,false
1962,15,15,"15","jo-bonnier",3,false
1962,16,16,"16","innes-ireland",2,false
1962,17,17,"17","carel-godin-de-beaufort",2,false
1962,18,18,"18","masten-gregory",1,false
1962,19,18,"18","neville-lederle",1,false
1963,1,1,"1","jim-clark",54,true
1963,2,2,"2","graham-hill",29,false
1963,3,3,"3","richie-ginther",29,false
1963,4,4,"4","john-surtees",22,false
1963,5,5,"5","dan-gurney",19,false
1963,6,6,"6","bruce-mclaren",17,false
1963,7,7,"7","jack-brabham",14,false
1963,8,8,"8","tony-maggs",9,false
1963,9,9,"9","innes-ireland",6,false
1963,10,10,"10","lorenzo-bandini",6,false
1963,11,11,"11","jo-bonnier",6,false
1963,12,12,"12","gerhard-mitter",3,false
1963,13,13,"13","jim-hall",3,false
1963,14,14,"14","carel-godin-de-beaufort",2,false
1963,15,15,"15","trevor-taylor",1,false
1963,16,15,"15","ludovico-scarfiotti",1,false
1963,17,15,"15","jo-siffert",1,false
1964,1,1,"1","john-surtees",40,true
1964,2,2,"2","graham-hill",39,false
1964,3,3,"3","jim-clark",32,false
1964,4,4,"4","lorenzo-bandini",23,false
1964,5,5,"5","richie-ginther",23,false
1964,6,6,"6","dan-gurney",19,false
1964,7,7,"7","bruce-mclaren",13,false
1964,8,8,"8","peter-arundell",11,false
1964,9,8,"8","jack-brabham",11,false
1964,10,10,"10","jo-siffert",7,false
1964,11,11,"11","bob-anderson",5,false
1964,12,12,"12","tony-maggs",4,false
1964,13,12,"12","mike-spence",4,false
1964,14,14,"14","innes-ireland",4,false
1964,15,15,"15","jo-bonnier",3,false
1964,16,16,"16","chris-amon",2,false
1964,17,16,"16","maurice-trintignant",2,false
1964,18,16,"16","walt-hansgen",2,false
1964,19,19,"19","mike-hailwood",1,false
1964,20,19,"19","phil-hill",1,false
1964,21,19,"19","trevor-taylor",1,false
1964,22,19,"19","pedro-rodriguez",1,false
1965,1,1,"1","jim-clark",54,true
1965,2,2,"2","graham-hill",40,false
1965,3,3,"3","jackie-stewart",33,false
1965,4,4,"4","dan-gurney",25,false
1965,5,5,"5","john-surtees",17,false
1965,6,6,"6","lorenzo-bandini",13,false
1965,7,7,"7","richie-ginther",11,false
1965,8,8,"8","mike-spence",10,false
1965,9,9,"9","bruce-mclaren",10,false
1965,10,10,"10","jack-brabham",9,false
1965,11,11,"11","denny-hulme",5,false
1965,12,12,"12","jo-siffert",5,false
1965,13,13,"13","jochen-rindt",4,false
1965,14,14,"14","pedro-rodriguez",2,false
1965,15,14,"14","ronnie-bucknum",2,false
1965,16,16,"16","richard-attwood",2,false
1966,1,1,"1","jack-brabham",42,true
1966,2,2,"2","john-surtees",28,false
1966,3,3,"3","jochen-rindt",22,false
1966,4,4,"4","denny-hulme",18,false
1966,5,5,"5","graham-hill",17,false
1966,6,6,"6","jim-clark",16,false
1966,7,7,"7","jackie-stewart",14,false
1966,8,8,"8","mike-parkes",12,false
1966,9,9,"9","lorenzo-bandini",12,false
1966,10,10,"10","ludovico-scarfiotti",9,false
1966,11,11,"11","richie-ginther",5,false
1966,12,12,"12","mike-spence",4,false
1966,13,12,"12","dan-gurney",4,false
1966,14,14,"14","bob-bondurant",3,false
1966,15,14,"14","jo-siffert",3,false
1966,16,16,"16","bruce-mclaren",3,false
1966,17,17,"17","john-taylor",1,false
1966,18,17,"17","bob-anderson",1,false
1966,19,17,"17","peter-arundell",1,false
1966,20,17,"17","jo-bonnier",1,false
1967,1,1,"1","denny-hulme",51,true
1967,2,2,"2","jack-brabham",46,false
1967,3,3,"3","jim-clark",41,false
1967,4,4,"4","john-surtees",20,false
1967,5,5,"5","chris-amon",20,false
1967,6,6,"6","pedro-rodriguez",15,false
1967,7,7,"7","graham-hill",15,false
1967,8,8,"8","dan-gurney",13,false
1967,9,9,"9","jackie-stewart",10,false
1967,10,10,"10","mike-spence",9,false
1967,11,11,"11","john-love",6,false
1967,12,12,"12","jochen-rindt",6,false
1967,13,12,"12","jo-siffert",6,false
1967,14,14,"14","bruce-mclaren",3,false
1967,15,15,"15","jo-bonnier",3,false
1967,16,16,"16","bob-anderson",2,false
1967,17,16,"16","mike-parkes",2,false
1967,18,16,"16","chris-irwin",2,false
1967,19,19,"19","ludovico-scarfiotti",1,false
1967,20,19,"19","guy-ligier",1,false
1967,21,19,"19","jacky-ickx",1,false
1968,1,1,"1","graham-hill",48,true
1968,2,2,"2","jackie-stewart",36,false
1968,3,3,"3","denny-hulme",33,false
1968,4,4,"4","jacky-ickx",27,false
1968,5,5,"5","bruce-mclaren",22,false
1968,6,6,"6","pedro-rodriguez",18,false
1968,7,7,"7","jo-siffert",12,false
1968,8,8,"8","john-surtees",12,false
1968,9,9,"9","jean-pierre-beltoise",11,false
1968,10,10,"10","chris-amon",10,false
1968,11,11,"11","jim-clark",9,false
1968,12,12,"12","jochen-rindt",8,false
1968,13,13,"13","richard-attwood",6,false
1968,14,13,"13","johnny-servoz-gavin",6,false
1968,15,15,"15","jackie-oliver",6,false
1968,16,16,"16","ludovico-scarfiotti",6,false
1968,17,17,"17","lucien-bianchi",5,false
1968,18,18,"18","vic-elford",5,false
1968,19,19,"19","brian-redman",4,false
1968,20,20,"20","piers-courage",4,false
1968,21,21,"21","dan-gurney",3,false
1968,22,22,"22","jo-bonnier",3,false
1968,23,23,"23","silvio-moser",2,false
1968,24,23,"23","jack-brabham",2,false
1969,1,1,"1","jackie-stewart",63,true
1969,2,2,"2","jacky-ickx",37,false
1969,3,3,"3","bruce-mclaren",26,false
1969,4,4,"4","jochen-rindt",22,false
1969,5,5,"5","jean-pierre-beltoise",21,false
1969,6,6,"6","denny-hulme",20,false
1969,7,7,"7","graham-hill",19,false
1969,8,8,"8","piers-courage",16,false
1969,9,9,"9","jo-siffert",15,false
1969,10,10,"10","jack-brabham",14,false
1969,11,11,"11","john-surtees",6,false
1969,12,12,"12","chris-amon",4,false
1969,13,13,"13","richard-attwood",3,false
1969,14,14,"14","vic-elford",3,false
1969,15,14,"14","pedro-rodriguez",3,false
1969,16,16,"16","johnny-servoz-gavin",1,false
1969,17,16,"16","silvio-moser",1,false
1969,18,16,"16","jackie-oliver",1,false
1970,1,1,"1","jochen-rindt",45,true
1970,2,2,"2","jacky-ickx",40,false
1970,3,3,"3","clay-regazzoni",33,false
1970,4,4,"4","denny-hulme",27,false
1970,5,5,"5","jack-brabham",25,false
1970,6,5,"5","jackie-stewart",25,false
1970,7,7,"7","pedro-rodriguez",23,false
1970,8,8,"8","chris-amon",23,false
1970,9,9,"9","jean-pierre-beltoise",16,false
1970,10,10,"10","emerson-fittipaldi",12,false
1970,11,11,"11","rolf-stommelen",10,false
1970,12,12,"12","henri-pescarolo",8,false
1970,13,13,"13","graham-hill",7,false
1970,14,14,"14","bruce-mclaren",6,false
1970,15,15,"15","mario-andretti",4,false
1970,16,15,"15","reine-wisell",4,false
1970,17,17,"17","ignazio-giunti",3,false
1970,18,18,"18","john-surtees",3,false
1970,19,19,"19","john-miles",2,false
1970,20,19,"19","johnny-servoz-gavin",2,false
1970,21,19,"19","jackie-oliver",2,false
1970,22,22,"22","dan-gurney",1,false
1970,23,22,"22","francois-cevert",1,false
1970,24,22,"22","peter-gethin",1,false
1970,25,22,"22","derek-bell",1,false
1971,1,1,"1","jackie-stewart",62,true
1971,2,2,"2","ronnie-peterson",33,false
1971,3,3,"3","francois-cevert",26,false
1971,4,4,"4","jacky-ickx",19,false
1971,5,5,"5","jo-siffert",19,false
1971,6,6,"6","emerson-fittipaldi",16,false
1971,7,7,"7","clay-regazzoni",13,false
1971,8,8,"8","mario-andretti",12,false
1971,9,9,"9","peter-gethin",9,false
1971,10,10,"10","pedro-rodriguez",9,false
1971,11,11,"11","chris-amon",9,false
1971,12,12,"12","reine-wisell",9,false
1971,13,12,"12","denny-hulme",9,false
1971,14,14,"14","tim-schenken",5,false
1971,15,15,"15","howden-ganley",5,false
1971,16,16,"16","mark-donohue",4,false
1971,17,17,"17","henri-pescarolo",4,false
1971,18,18,"18","mike-hailwood",3,false
1971,19,19,"19","john-surtees",3,false
1971,20,19,"19","rolf-stommelen",3,false
1971,21,21,"21","graham-hill",2,false
1971,22,22,"22","jean-pierre-beltoise",1,false
1972,1,1,"1","emerson-fittipaldi",61,true
1972,2,2,"2","jackie-stewart",45,false
1972,3,3,"3","denny-hulme",39,false
1972,4,4,"4","jacky-ickx",27,false
1972,5,5,"5","peter-revson",23,false
1972,6,6,"6","francois-cevert",15,false
1972,7,7,"7","clay-regazzoni",15,false
1972,8,8,"8","mike-hailwood",13,false
1972,9,9,"9","ronnie-peterson",12,false
1972,10,10,"10","chris-amon",12,false
1972,11,11,"11","jean-pierre-beltoise",9,false
1972,12,12,"12","howden-ganley",4,false
1972,13,12,"12","mario-andretti",4,false
1972,14,14,"14","brian-redman",4,false
1972,15,15,"15","graham-hill",4,false
1972,16,16,"16","andrea-de-adamich",3,false
1972,17,16,"16","carlos-reutemann",3,false
1972,18,18,"18","carlos-pace",3,false
1972,19,19,"19","tim-schenken",2,false
1972,20,20,"20","arturo-merzario",1,false
1972,21,20,"20","peter-gethin",1,false
1973,1,1,"1","jackie-stewart",71,true
1973,2,2,"2","emerson-fittipaldi",55,false
1973,3,3,"3","ronnie-peterson",52,false
1973,4,4,"4","francois-cevert",47,false
1973,5,5,"5","peter-revson",38,false
1973,6,6,"6","denny-hulme",26,false
1973,7,7,"7","carlos-reutemann",16,false
1973,8,8,"8","james-hunt",14,false
1973,9,9,"9","jacky-ickx",12,false
1973,10,10,"10","jean-pierre-beltoise",9,false
1973,11,11,"11","carlos-pace",7,false
1973,12,12,"12","arturo-merzario",6,false
1973,13,13,"13","george-follmer",5,false
1973,14,14,"14","jackie-oliver",4,false
1973,15,15,"15","andrea-de-adamich",3,false
1973,16,16,"16","wilson-fittipaldi",3,false
1973,17,17,"17","niki-lauda",2,false
1973,18,18,"18","clay-regazzoni",2,false
1973,19,19,"19","chris-amon",1,false
1973,20,19,"19","gijs-van-lennep",1,false
1973,21,19,"19","howden-ganley",1,false
1974,1,1,"1","emerson-fittipaldi",55,true
1974,2,2,"2","clay-regazzoni",52,false
1974,3,3,"3","jody-scheckter",45,false
1974,4,4,"4","niki-lauda",38,false
1974,5,5,"5","ronnie-peterson",35,false
1974,6,6,"6","carlos-reutemann",32,false
1974,7,7,"7","denny-hulme",20,false
1974,8,8,"8","james-hunt",15,false
1974,9,9,"9","patrick-depailler",14,false
1974,10,10,"10","jacky-ickx",12,false
1974,11,11,"11","mike-hailwood",12,false
1974,12,12,"12","carlos-pace",11,false
1974,13,13,"13","jean-pierre-beltoise",10,false
1974,14,14,"14","jean-pierre-jarier",6,false
1974,15,15,"15","john-watson",6,false
1974,16,16,"16","hans-joachim-stuck",5,false
1974,17,17,"17","arturo-merzario",4,false
1974,18,18,"18","graham-hill",1,false
1974,19,18,"18","tom-pryce",1,false
1974,20,18,"18","vittorio-brambilla",1,false
1975,1,1,"1","niki-lauda",64.5,true
1975,2,2,"2","emerson-fittipaldi",45,false
1975,3,3,"3","carlos-reutemann",37,false
1975,4,4,"4","james-hunt",33,false
1975,5,5,"5","clay-regazzoni",25,false
1975,6,6,"6","carlos-pace",24,false
1975,7,7,"7","jody-scheckter",20,false
1975,8,8,"8","jochen-mass",20,false
1975,9,9,"9","patrick-depailler",12,false
1975,10,10,"10","tom-pryce",8,false
1975,11,11,"11","vittorio-brambilla",6.5,false
1975,12,12,"12","jacques-laffite",6,false
1975,13,13,"13","ronnie-peterson",6,false
1975,14,14,"14","mario-andretti",5,false
1975,15,15,"15","mark-donohue",4,false
1975,16,16,"16","jacky-ickx",3,false
1975,17,17,"17","alan-jones",2,false
1975,18,18,"18","jean-pierre-jarier",1.5,false
1975,19,19,"19","tony-brise",1,false
1975,20,19,"19","gijs-van-lennep",1,false
1975,21,21,"21","lella-lombardi",0.5,false
1976,1,1,"1","james-hunt",69,true
1976,2,2,"2","niki-lauda",68,false
1976,3,3,"3","jody-scheckter",49,false
1976,4,4,"4","patrick-depailler",39,false
1976,5,5,"5","clay-regazzoni",31,false
1976,6,6,"6","mario-andretti",22,false
1976,7,7,"7","john-watson",20,false
1976,8,8,"8","jacques-laffite",20,false
1976,9,9,"9","jochen-mass",19,false
1976,10,10,"10","gunnar-nilsson",11,false
1976,11,11,"11","ronnie-peterson",10,false
1976,12,12,"12","tom-pryce",10,false
1976,13,13,"13","hans-joachim-stuck",8,false
1976,14,14,"14","carlos-pace",7,false
1976,15,15,"15","alan-jones",7,false
1976,16,16,"16","carlos-reutemann",3,false
1976,17,17,"17","emerson-fittipaldi",3,false
1976,18,18,"18","chris-amon",2,false
1976,19,19,"19","rolf-stommelen",1,false
1976,20,19,"19","vittorio-brambilla",1,false
1977,1,1,"1","niki-lauda",72,true
1977,2,2,"2","jody-scheckter",55,false
1977,3,3,"3","mario-andretti",47,false
1977,4,4,"4","carlos-reutemann",42,false
1977,5,5,"5","james-hunt",40,false
1977,6,6,"6","jochen-mass",25,false
1977,7,7,"7","alan-jones",22,false
1977,8,8,"8","gunnar-nilsson",20,false
1977,9,9,"9","patrick-depailler",20,false
1977,10,10,"10","jacques-laffite",18,false
1977,11,11,"11","hans-joachim-stuck",12,false
1977,12,12,"12","emerson-fittipaldi",11,false
1977,13,13,"13","john-watson",9,false
1977,14,14,"14","ronnie-peterson",7,false
1977,15,15,"15","carlos-pace",6,false
1977,16,16,"16","vittorio-brambilla",6,false
1977,17,17,"17","clay-regazzoni",5,false
1977,18,17,"17","patrick-tambay",5,false
1977,19,19,"19","renzo-zorzi",1,false
1977,20,19,"19","jean-pierre-jarier",1,false
1977,21,19,"19","riccardo-patrese",1,false
1978,1,1,"1","mario-andretti",64,true
1978,2,2,"2","ronnie-peterson",51,false
1978,3,3,"3","carlos-reutemann",48,false
1978,4,4,"4","niki-lauda",44,false
1978,5,5,"5","patrick-depailler",34,false
1978,6,6,"6","john-watson",25,false
1978,7,7,"7","jody-scheckter",24,false
1978,8,8,"8","jacques-laffite",19,false
1978,9,9,"9","gilles-villeneuve",17,false
1978,10,10,"10","emerson-fittipaldi",17,false
1978,11,11,"11","alan-jones",11,false
1978,12,12,"12","riccardo-patrese",11,false
1978,13,13,"13","james-hunt",8,false
1978,14,14,"14","patrick-tambay",8,false
1978,15,15,"15","didier-pironi",7,false
1978,16,16,"16","clay-regazzoni",4,false
1978,17,17,"17","jean-pierre-jabouille",3,false
1978,18,18,"18","hans-joachim-stuck",2,false
1978,19,19,"19","hector-rebaque",1,false
1978,20,19,"19","vittorio-brambilla",1,false
1978,21,19,"19","derek-daly",1,false
1979,1,1,"1","jody-scheckter",51,true
1979,2,2,"2","gilles-villeneuve",47,false
1979,3,3,"3","alan-jones",40,false
1979,4,4,"4","jacques-laffite",36,false
1979,5,5,"5","clay-regazzoni",29,false
1979,6,6,"6","patrick-depailler",20,false
1979,7,7,"7","carlos-reutemann",20,false
1979,8,8,"8","rene-arnoux",17,false
1979,9,9,"9","john-watson",15,false
1979,10,10,"10","didier-pironi",14,false
1979,11,11,"11","jean-pierre-jarier",14,false
1979,12,12,"12","mario-andretti",14,false
1979,13,13,"13","jean-pierre-jabouille",9,false
1979,14,14,"14","niki-lauda",4,false
1979,15,15,"15","nelson-piquet",3,false
1979,16,15,"15","elio-de-angelis",3,false
1979,17,17,"17","jacky-ickx",3,false
1979,18,18,"18","jochen-mass",3,false
1979,19,19,"19","riccardo-patrese",2,false
1979,20,19,"19","hans-joachim-stuck",2,false
1979,21,21,"21","emerson-fittipaldi",1,false
1980,1,1,"1","alan-jones",67,true
1980,2,2,"2","nelson-piquet",54,false
1980,3,3,"3","carlos-reutemann",42,false
1980,4,4,"4","jacques-laffite",34,false
1980,5,5,"5","didier-pironi",32,false
1980,6,6,"6","rene-arnoux",29,false
1980,7,7,"7","elio-de-angelis",13,false
1980,8,8,"8","jean-pierre-jabouille",9,false
1980,9,9,"9","riccardo-patrese",7,false
1980,10,10,"10","keke-rosberg",6,false
1980,11,11,"11","derek-daly",6,false
1980,12,11,"11","john-watson",6,false
1980,13,13,"13","jean-pierre-jarier",6,false
1980,14,14,"14","gilles-villeneuve",6,false
1980,15,15,"15","emerson-fittipaldi",5,false
1980,16,16,"16","alain-prost",5,false
1980,17,17,"17","jochen-mass",4,false
1980,18,18,"18","bruno-giacomelli",4,false
1980,19,19,"19","jody-scheckter",2,false
1980,20,20,"20","hector-rebaque",1,false
1980,21,20,"20","mario-andretti",1,false
1981,1,1,"1","nelson-piquet",50,true
1981,2,2,"2","carlos-reutemann",49,false
1981,3,3,"3","alan-jones",46,false
1981,4,4,"4","jacques-laffite",44,false
1981,5,5,"5","alain-prost",43,false
1981,6,6,"6","john-watson",27,false
1981,7,7,"7","gilles-villeneuve",25,false
1981,8,8,"8","elio-de-angelis",14,false
1981,9,9,"9","rene-arnoux",11,false
1981,10,10,"10","hector-rebaque",11,false
1981,11,11,"11","riccardo-patrese",10,false
1981,12,12,"12","eddie-cheever",10,false
1981,13,13,"13","didier-pironi",9,false
1981,14,14,"14","nigel-mansell",8,false
1981,15,15,"15","bruno-giacomelli",7,false
1981,16,16,"16","marc-surer",4,false
1981,17,17,"17","mario-andretti",3,false
1981,18,18,"18","patrick-tambay",1,false
1981,19,18,"18","andrea-de-cesaris",1,false
1981,20,18,"18","slim-borgudd",1,false
1981,21,18,"18","eliseo-salazar",1,false
1982,1,1,"1","keke-rosberg",44,true
1982,2,2,"2","didier-pironi",39,false
1982,3,3,"3","john-watson",39,false
1982,4,4,"4","alain-prost",34,false
1982,5,5,"5","niki-lauda",30,false
1982,6,6,"6","rene-arnoux",28,false
1982,7,7,"7","patrick-tambay",25,false
1982,8,8,"8","michele-alboreto",25,false
1982,9,9,"9","elio-de-angelis",23,false
1982,10,10,"10","riccardo-patrese",21,false
1982,11,11,"11","nelson-piquet",20,false
1982,12,12,"12","eddie-cheever",15,false
1982,13,13,"13","derek-daly",8,false
1982,14,14,"14","nigel-mansell",7,false
1982,15,15,"15","carlos-reutemann",6,false
1982,16,15,"15","gilles-villeneuve",6,false
1982,17,17,"17","andrea-de-cesaris",5,false
1982,18,17,"17","jacques-laffite",5,false
1982,19,19,"19","mario-andretti",4,false
1982,20,20,"20","jean-pierre-jarier",3,false
1982,21,21,"21","marc-surer",3,false
1982,22,22,"22","manfred-winkelhock",2,false
1982,23,22,"22","eliseo-salazar",2,false
1982,24,22,"22","bruno-giacomelli",2,false
1982,25,25,"25","mauro-baldi",2,false
1982,26,26,"26","chico-serra",1,false
1983,1,1,"1","nelson-piquet",59,true
1983,2,2,"2","alain-prost",57,false
1983,3,3,"3","rene-arnoux",49,false
1983,4,4,"4","patrick-tambay",40,false
1983,5,5,"5","keke-rosberg",27,false
1983,6,6,"6","john-watson",22,false
1983,7,7,"7","eddie-cheever",22,false
1983,8,8,"8","andrea-de-cesaris",15,false
1983,9,9,"9","riccardo-patrese",13,false
1983,10,10,"10","niki-lauda",12,false
1983,11,11,"11","jacques-laffite",11,false
1983,12,12,"12","michele-alboreto",10,false
1983,13,13,"13","nigel-mansell",10,false
1983,14,14,"14","derek-warwick",9,false
1983,15,15,"15","marc-surer",4,false
1983,16,16,"16","mauro-baldi",3,false
1983,17,17,"17","danny-sullivan",2,false
1983,18,17,"17","elio-de-angelis",2,false
1983,19,19,"19","johnny-cecotto",1,false
1983,20,19,"19","bruno-giacomelli",1,false
1984,1,1,"1","niki-lauda",72,true
1984,2,2,"2","alain-prost",71.5,false
1984,3,3,"3","elio-de-angelis",34,false
1984,4,4,"4","michele-alboreto",30.5,false
1984,5,5,"5","nelson-piquet",29,false
1984,6,6,"6","rene-arnoux",27,false
1984,7,7,"7","derek-warwick",23,false
1984,8,8,"8","keke-rosberg",20.5,false
1984,9,9,"9","ayrton-senna",13,false
1984,10,10,"10","nigel-mansell",13,false
1984,11,11,"11","patrick-tambay",11,false
1984,12,12,"12","teo-fabi",9,false
1984,13,13,"13","riccardo-patrese",8,false
1984,14,14,"14","jacques-laffite",5,false
1984,15,15,"15","thierry-boutsen",5,false
1984,16,16,"16","eddie-cheever",3,false
1984,17,16,"16","stefan-johansson",3,false
1984,18,18,"18","andrea-de-cesaris",3,false
1984,19,19,"19","piercarlo-ghinzani",2,false
1984,20,20,"20","marc-surer",1,false
1985,1,1,"1","alain-prost",73,true
1985,2,2,"2","michele-alboreto",53,false
1985,3,3,"3","keke-rosberg",40,false
1985,4,4,"4","ayrton-senna",38,false
1985,5,5,"5","elio-de-angelis",33,false
1985,6,6,"6","nigel-mansell",31,false
1985,7,7,"7","stefan-johansson",26,false
1985,8,8,"8","nelson-piquet",21,false
1985,9,9,"9","jacques-laffite",16,false
1985,10,10,"10","niki-lauda",14,false
1985,11,11,"11","thierry-boutsen",11,false
1985,12,12,"12","patrick-tambay",11,false
1985,13,13,"13","marc-surer",5,false
1985,14,14,"14","derek-warwick",5,false
1985,15,15,"15","philippe-streiff",4,false
1985,16,16,"16","stefan-bellof",4,false
1985,17,17,"17","rene-arnoux",3,false
1985,18,17,"17","andrea-de-cesaris",3,false
1985,19,17,"17","ivan-capelli",3,false
1985,20,20,"20","gerhard-berger",3,false
1986,1,1,"1","alain-prost",72,true
1986,2,2,"2","nigel-mansell",70,false
1986,3,3,"3","nelson-piquet",69,false
1986,4,4,"4","ayrton-senna",55,false
1986,5,5,"5","stefan-johansson",23,false
1986,6,6,"6","keke-rosberg",22,false
1986,7,7,"7","gerhard-berger",17,false
1986,8,8,"8","jacques-laffite",14,false
1986,9,9,"9","michele-alboreto",14,false
1986,10,10,"10","rene-arnoux",14,false
1986,11,11,"11","martin-brundle",8,false
1986,12,12,"12","alan-jones",4,false
1986,13,13,"13","johnny-dumfries",3,false
1986,14,13,"13","philippe-streiff",3,false
1986,15,15,"15","teo-fabi",2,false
1986,16,15,"15","patrick-tambay",2,false
1986,17,17,"17","riccardo-patrese",2,false
1986,18,18,"18","christian-danner",1,false
1986,19,18,"18","philippe-alliot",1,false
1987,1,1,"1","nelson-piquet",73,true
1987,2,2,"2","nigel-mansell",61,false
1987,3,3,"3","ayrton-senna",57,false
1987,4,4,"4","alain-prost",46,false
1987,5,5,"5","gerhard-berger",36,false
1987,6,6,"6","stefan-johansson",30,false
1987,7,7,"7","michele-alboreto",17,false
1987,8,8,"8","thierry-boutsen",16,false
1987,9,9,"9","teo-fabi",12,false
1987,10,10,"10","eddie-cheever",8,false
1987,11,11,"11","jonathan-palmer",7,false
1987,12,12,"12","satoru-nakajima",7,false
1987,13,13,"13","riccardo-patrese",6,false
1987,14,14,"14","andrea-de-cesaris",4,false
1987,15,15,"15","philippe-streiff",4,false
1987,16,16,"16","derek-warwick",3,false
1987,17,17,"17","philippe-alliot",3,false
1987,18,18,"18","martin-brundle",2,false
1987,19,19,"19","rene-arnoux",1,false
1987,20,19,"19","ivan-capelli",1,false
1987,21,19,"19","roberto-moreno",1,false
1988,1,1,"1","ayrton-senna",90,true
1988,2,2,"2","alain-prost",87,false
1988,3,3,"3","gerhard-berger",41,false
1988,4,4,"4","thierry-boutsen",27,false
1988,5,5,"5","michele-alboreto",24,false
1988,6,6,"6","nelson-piquet",22,false
1988,7,7,"7","ivan-capelli",17,false
1988,8,8,"8","derek-warwick",17,false
1988,9,9,"9","nigel-mansell",12,false
1988,10,10,"10","alessandro-nannini",12,false
1988,11,11,"11","riccardo-patrese",8,false
1988,12,12,"12","eddie-cheever",6,false
1988,13,13,"13","mauricio-gugelmin",5,false
1988,14,14,"14","jonathan-palmer",5,false
1988,15,15,"15","andrea-de-cesaris",3,false
1988,16,16,"16","satoru-nakajima",1,false
1988,17,16,"16","pierluigi-martini",1,false
1989,1,1,"1","alain-prost",76,true
1989,2,2,"2","ayrton-senna",60,false
1989,3,3,"3","riccardo-patrese",40,false
1989,4,4,"4","nigel-mansell",38,false
1989,5,5,"5","thierry-boutsen",37,false
1989,6,6,"6","alessandro-nannini",32,false
1989,7,7,"7","gerhard-berger",21,false
1989,8,8,"8","nelson-piquet",12,false
1989,9,9,"9","jean-alesi",8,false
1989,10,10,"10","derek-warwick",7,false
1989,11,11,"11","michele-alboreto",6,false
1989,12,11,"11","eddie-cheever",6,false
1989,13,11,"11","stefan-johansson",6,false
1989,14,14,"14","johnny-herbert",5,false
1989,15,15,"15","pierluigi-martini",5,false
1989,16,16,"16","mauricio-gugelmin",4,false
1989,17,16,"16","stefano-modena",4,false
1989,18,16,"16","andrea-de-cesaris",4,false
1989,19,19,"19","alex-caffi",4,false
1989,20,20,"20","martin-brundle",4,false
1989,21,21,"21","christian-danner",3,false
1989,22,21,"21","satoru-nakajima",3,false
1989,23,23,"23","rene-arnoux",2,false
1989,24,23,"23","emanuele-pirro",2,false
1989,25,25,"25","jonathan-palmer",2,false
1989,26,26,"26","gabriele-tarquini",1,false
1989,27,26,"26","olivier-grouillard",1,false
1989,28,26,"26","luis-perez-sala",1,false
1989,29,26,"26","philippe-alliot",1,false
1990,1,1,"1","ayrton-senna",78,true
1990,2,2,"2","alain-prost",71,false
1990,3,3,"3","nelson-piquet",43,false
1990,4,4,"4","gerhard-berger",43,false
1990,5,5,"5","nigel-mansell",37,false
1990,6,6,"6","thierry-boutsen",34,false
1990,7,7,"7","riccardo-patrese",23,false
1990,8,8,"8","alessandro-nannini",21,false
1990,9,9,"9","jean-alesi",13,false
1990,10,10,"10","ivan-capelli",6,false
1990,11,10,"10","roberto-moreno",6,false
1990,12,12,"12","aguri-suzuki",6,false
1990,13,13,"13","eric-bernard",5,false
1990,14,14,"14","derek-warwick",3,false
1990,15,15,"15","satoru-nakajima",3,false
1990,16,16,"16","stefano-modena",2,false
1990,17,16,"16","alex-caffi",2,false
1990,18,18,"18","mauricio-gugelmin",1,false
1991,1,1,"1","ayrton-senna",96,true
1991,2,2,"2","nigel-mansell",72,false
1991,3,3,"3","riccardo-patrese",53,false
1991,4,4,"4","gerhard-berger",43,false
1991,5,5,"5","alain-prost",34,false
1991,6,6,"6","nelson-piquet",26.5,false
1991,7,7,"7","jean-alesi",21,false
1991,8,8,"8","stefano-modena",10,false
1991,9,9,"9","andrea-de-cesaris",9,false
1991,10,10,"10","roberto-moreno",8,false
1991,11,11,"11","pierluigi-martini",6,false
1991,12,12,"12","jj-lehto",4,false
1991,13,13,"13","bertrand-gachot",4,false
1991,14,13,"13","michael-schumacher",4,false
1991,15,15,"15","satoru-nakajima",2,false
1991,16,15,"15","mika-hakkinen",2,false
1991,17,15,"15","martin-brundle",2,false
1991,18,18,"18","aguri-suzuki",1,false
1991,19,18,"18","julian-bailey",1,false
1991,20,18,"18","emanuele-pirro",1,false
1991,21,18,"18","eric-bernard",1,false
1991,22,18,"18","ivan-capelli",1,false
1991,23,18,"18","mark-blundell",1,false
1991,24,24,"24","gianni-morbidelli",0.5,false
1992,1,1,"1","nigel-mansell",108,true
1992,2,2,"2","riccardo-patrese",56,false
1992,3,3,"3","michael-schumacher",53,false
1992,4,4,"4","ayrton-senna",50,false
1992,5,5,"5","gerhard-berger",49,false
1992,6,6,"6","martin-brundle",38,false
1992,7,7,"7","jean-alesi",18,false
1992,8,8,"8","mika-hakkinen",11,false
1992,9,9,"9","andrea-de-cesaris",8,false
1992,10,10,"10","michele-alboreto",6,false
1992,11,11,"11","erik-comas",4,false
1992,12,12,"12","karl-wendlinger",3,false
1992,13,13,"13","ivan-capelli",3,false
1992,14,14,"14","thierry-boutsen",2,false
1992,15,15,"15","pierluigi-martini",2,false
1992,16,15,"15","johnny-herbert",2,false
1992,17,17,"17","bertrand-gachot",1,false
1992,18,17,"17","christian-fittipaldi",1,false
1992,19,17,"17","stefano-modena",1,false
1993,1,1,"1","alain-prost",99,true
1993,2,2,"2","ayrton-senna",73,false
1993,3,3,"3","damon-hill",69,false
1993,4,4,"4","michael-schumacher",52,false
1993,5,5,"5","riccardo-patrese",20,false
1993,6,6,"6","jean-alesi",16,false
1993,7,7,"7","martin-brundle",13,false
1993,8,8,"8","gerhard-berger",12,false
1993,9,9,"9","johnny-herbert",11,false
1993,10,10,"10","mark-blundell",10,false
1993,11,11,"11","michael-andretti",7,false
1993,12,12,"12","karl-wendlinger",7,false
1993,13,13,"13","jj-lehto",5,false
1993,14,13,"13","christian-fittipaldi",5,false
1993,15,15,"15","mika-hakkinen",4,false
1993,16,16,"16","derek-warwick",4,false
1993,17,17,"17","philippe-alliot",2,false
1993,18,17,"17","rubens-barrichello",2,false
1993,19,19,"19","fabrizio-barbazza",2,false
1993,20,20,"20","alex-zanardi",1,false
1993,21,20,"20","erik-comas",1,false
1993,22,20,"20","eddie-irvine",1,false
1994,1,1,"1","michael-schumacher",92,true
1994,2,2,"2","damon-hill",91,false
1994,3,3,"3","gerhard-berger",41,false
1994,4,4,"4","mika-hakkinen",26,false
1994,5,5,"5","jean-alesi",24,false
1994,6,6,"6","rubens-barrichello",19,false
1994,7,7,"7","martin-brundle",16,false
1994,8,8,"8","david-coulthard",14,false
1994,9,9,"9","nigel-mansell",13,false
1994,10,10,"10","jos-verstappen",10,false
1994,11,11,"11","olivier-panis",9,false
1994,12,12,"12","mark-blundell",8,false
1994,13,13,"13","heinz-harald-frentzen",7,false
1994,14,14,"14","nicola-larini",6,false
1994,15,15,"15","christian-fittipaldi",6,false
1994,16,16,"16","eddie-irvine",6,false
1994,17,17,"17","ukyo-katayama",5,false
1994,18,18,"18","eric-bernard",4,false
1994,19,19,"19","karl-wendlinger",4,false
1994,20,19,"19","andrea-de-cesaris",4,false
1994,21,21,"21","pierluigi-martini",4,false
1994,22,22,"22","gianni-morbidelli",3,false
1994,23,23,"23","erik-comas",2,false
1994,24,24,"24","michele-alboreto",1,false
1994,25,24,"24","jj-lehto",1,false
1995,1,1,"1","michael-schumacher",102,true
1995,2,2,"2","damon-hill",69,false
1995,3,3,"3","david-coulthard",49,false
1995,4,4,"4","johnny-herbert",45,false
1995,5,5,"5","jean-alesi",42,false
1995,6,6,"6","gerhard-berger",31,false
1995,7,7,"7","mika-hakkinen",17,false
1995,8,8,"8","olivier-panis",16,false
1995,9,9,"9","heinz-harald-frentzen",15,false
1995,10,10,"10","mark-blundell",13,false
1995,11,11,"11","rubens-barrichello",11,false
1995,12,12,"12","eddie-irvine",10,false
1995,13,13,"13","martin-brundle",7,false
1995,14,14,"14","gianni-morbidelli",5,false
1995,15,15,"15","mika-salo",5,false
1995,16,16,"16","jean-christophe-boullion",3,false
1995,17,17,"17","aguri-suzuki",1,false
1995,18,18,"18","pedro-lamy",1,false
1996,1,1,"1","damon-hill",97,true
1996,2,2,"2","jacques-villeneuve",78,false
1996,3,3,"3","michael-schumacher",59,false
1996,4,4,"4","jean-alesi",47,false
1996,5,5,"5","mika-hakkinen",31,false
1996,6,6,"6","gerhard-berger",21,false
1996,7,7,"7","david-coulthard",18,false
1996,8,8,"8","rubens-barrichello",14,false
1996,9,9,"9","olivier-panis",13,false
1996,10,10,"10","eddie-irvine",11,false
1996,11,11,"11","martin-brundle",8,false
1996,12,12,"12","heinz-harald-frentzen",7,false
1996,13,13,"13","mika-salo",5,false
1996,14,14,"14","johnny-herbert",4,false
1996,15,15,"15","pedro-diniz",2,false
1996,16,16,"16","jos-verstappen",1,false
1997,1,1,"1","jacques-villeneuve",81,true
1997,2,2,"2","heinz-harald-frentzen",42,false
1997,3,3,"3","david-coulthard",36,false
1997,4,4,"4","jean-alesi",36,false
1997,5,5,"5","gerhard-berger",27,false
1997,6,6,"6","mika-hakkinen",27,false
1997,7,7,"7","eddie-irvine",24,false
1997,8,8,"8","giancarlo-fisichella",20,false
1997,9,9,"9","olivier-panis",16,false
1997,10,10,"10","johnny-herbert",15,false
1997,11,11,"11","ralf-schumacher",13,false
1997,12,12,"12","damon-hill",7,false
1997,13,13,"13","rubens-barrichello",6,false
1997,14,14,"14","alexander-wurz",4,false
1997,15,15,"15","jarno-trulli",3,false
1997,16,16,"16","mika-salo",2,false
1997,17,16,"16","pedro-diniz",2,false
1997,18,18,"18","shinji-nakano",2,false
1997,19,19,"19","nicola-larini",1,false
1997,20,,"DSQ","michael-schumacher",78,false
1998,1,1,"1","mika-hakkinen",100,true
1998,2,2,"2","michael-schumacher",86,false
1998,3,3,"3","david-coulthard",56,false
1998,4,4,"4","eddie-irvine",47,false
1998,5,5,"5","jacques-villeneuve",21,false
1998,6,6,"6","damon-hill",20,false
1998,7,7,"7","heinz-harald-frentzen",17,false
1998,8,8,"8","alexander-wurz",17,false
1998,9,9,"9","giancarlo-fisichella",16,false
1998,10,10,"10","ralf-schumacher",14,false
1998,11,11,"11","jean-alesi",9,false
1998,12,12,"12","rubens-barrichello",4,false
1998,13,13,"13","mika-salo",3,false
1998,14,14,"14","pedro-diniz",3,false
1998,15,15,"15","johnny-herbert",1,false
1998,16,16,"16","jan-magnussen",1,false
1998,17,17,"17","jarno-trulli",1,false
1999,1,1,"1","mika-hakkinen",76,true
1999,2,2,"2","eddie-irvine",74,false
1999,3,3,"3","heinz-harald-frentzen",54,false
1999,4,4,"4","david-coulthard",48,false
1999,5,5,"5","michael-schumacher",44,false
1999,6,6,"6","ralf-schumacher",35,false
1999,7,7,"7","rubens-barrichello",21,false
1999,8,8,"8","johnny-herbert",15,false
1999,9,9,"9","giancarlo-fisichella",13,false
1999,10,10,"10","mika-salo",10,false
1999,11,11,"11","jarno-trulli",7,false
1999,12,12,"12","damon-hill",7,false
1999,13,13,"13","alexander-wurz",3,false
1999,14,14,"14","pedro-diniz",3,false
1999,15,15,"15","olivier-panis",2,false
1999,16,16,"16","jean-alesi",2,false
1999,17,17,"17","pedro-de-la-rosa",1,false
1999,18,18,"18","marc-gene",1,false
2000,1,1,"1","michael-schumacher",108,true
2000,2,2,"2","mika-hakkinen",89,false
2000,3,3,"3","david-coulthard",73,false
2000,4,4,"4","rubens-barrichello",62,false
2000,5,5,"5","ralf-schumacher",24,false
2000,6,6,"6","giancarlo-fisichella",18,false
2000,7,7,"7","jacques-villeneuve",17,false
2000,8,8,"8","jenson-button",12,false
2000,9,9,"9","heinz-harald-frentzen",11,false
2000,10,10,"10","jarno-trulli",6,false
2000,11,11,"11","mika-salo",6,false
2000,12,12,"12","jos-verstappen",5,false
2000,13,13,"13","eddie-irvine",4,false
2000,14,14,"14","ricardo-zonta",3,false
2000,15,15,"15","alexander-wurz",2,false
2000,16,16,"16","pedro-de-la-rosa",2,false
2000,17,17,"17","johnny-herbert",0,false
2000,18,18,"18","pedro-diniz",0,false
2000,19,19,"19","marc-gene",0,false
2000,20,20,"20","nick-heidfeld",0,false
2000,21,21,"21","gaston-mazzacane",0,false
2000,22,22,"22","jean-alesi",0,false
2000,23,23,"23","luciano-burti",0,false
2001,1,1,"1","michael-schumacher",123,true
2001,2,2,"2","david-coulthard",65,false
2001,3,3,"3","rubens-barrichello",56,false
2001,4,4,"4","ralf-schumacher",49,false
2001,5,5,"5","mika-hakkinen",37,false
2001,6,6,"6","juan-pablo-montoya",31,false
2001,7,7,"7","jacques-villeneuve",12,false
2001,8,8,"8","nick-heidfeld",12,false
2001,9,9,"9","jarno-trulli",12,false
2001,10,10,"10","kimi-raikkonen",9,false
2001,11,11,"11","giancarlo-fisichella",8,false
2001,12,12,"12","eddie-irvine",6,false
2001,13,13,"13","heinz-harald-frentzen",6,false
2001,14,14,"14","olivier-panis",5,false
2001,15,15,"15","jean-alesi",5,false
2001,16,16,"16","pedro-de-la-rosa",3,false
2001,17,17,"17","jenson-button",2,false
2001,18,18,"18","jos-verstappen",1,false
2001,19,19,"19","ricardo-zonta",0,false
2001,20,20,"20","luciano-burti",0,false
2001,21,21,"21","enrique-bernoldi",0,false
2001,22,22,"22","tarso-marques",0,false
2001,23,23,"23","fernando-alonso",0,false
2001,24,24,"24","tomas-enge",0,false
2001,25,25,"25","gaston-mazzacane",0,false
2001,26,26,"26","alex-yoong",0,false
2002,1,1,"1","michael-schumacher",144,true
2002,2,2,"2","rubens-barrichello",77,false
2002,3,3,"3","juan-pablo-montoya",50,false
2002,4,4,"4","ralf-schumacher",42,false
2002,5,5,"5","david-coulthard",41,false
2002,6,6,"6","kimi-raikkonen",24,false
2002,7,7,"7","jenson-button",14,false
2002,8,8,"8","jarno-trulli",9,false
2002,9,9,"9","eddie-irvine",8,false
2002,10,10,"10","nick-heidfeld",7,false
2002,11,11,"11","giancarlo-fisichella",7,false
2002,12,12,"12","jacques-villeneuve",4,false
2002,13,13,"13","felipe-massa",4,false
2002,14,14,"14","olivier-panis",3,false
2002,15,15,"15","takuma-sato",2,false
2002,16,16,"16","mark-webber",2,false
2002,17,17,"17","mika-salo",2,false
2002,18,18,"18","heinz-harald-frentzen",2,false
2002,19,19,"19","allan-mcnish",0,false
2002,20,20,"20","alex-yoong",0,false
2002,21,21,"21","pedro-de-la-rosa",0,false
2002,22,22,"22","enrique-bernoldi",0,false
2003,1,1,"1","michael-schumacher",93,true
2003,2,2,"2","kimi-raikkonen",91,false
2003,3,3,"3","juan-pablo-montoya",82,false
2003,4,4,"4","rubens-barrichello",65,false
2003,5,5,"5","ralf-schumacher",58,false
2003,6,6,"6","fernando-alonso",55,false
2003,7,7,"7","david-coulthard",51,false
2003,8,8,"8","jarno-trulli",33,false
2003,9,9,"9","jenson-button",17,false
2003,10,10,"10","mark-webber",17,false
2003,11,11,"11","heinz-harald-frentzen",13,false
2003,12,12,"12","giancarlo-fisichella",12,false
2003,13,13,"13","cristiano-da-matta",10,false
2003,14,14,"14","nick-heidfeld",6,false
2003,15,15,"15","olivier-panis",6,false
2003,16,16,"16","jacques-villeneuve",6,false
2003,17,17,"17","marc-gene",4,false
2003,18,18,"18","takuma-sato",3,false
2003,19,19,"19","ralph-firman",1,false
2003,20,20,"20","justin-wilson",1,false
2003,21,21,"21","antonio-pizzonia",0,false
2003,22,22,"22","jos-verstappen",0,false
2003,23,23,"23","nicolas-kiesa",0,false
2003,24,24,"24","zsolt-baumgartner",0,false
2004,1,1,"1","michael-schumacher",148,true
2004,2,2,"2","rubens-barrichello",114,false
2004,3,3,"3","jenson-button",85,false
2004,4,4,"4","fernando-alonso",59,false
2004,5,5,"5","juan-pablo-montoya",58,false
2004,6,6,"6","jarno-trulli",46,false
2004,7,7,"7","kimi-raikkonen",45,false
2004,8,8,"8","takuma-sato",34,false
2004,9,9,"9","ralf-schumacher",24,false
2004,10,10,"10","david-coulthard",24,false
2004,11,11,"11","giancarlo-fisichella",22,false
2004,12,12,"12","felipe-massa",12,false
2004,13,13,"13","mark-webber",7,false
2004,14,14,"14","olivier-panis",6,false
2004,15,15,"15","antonio-pizzonia",6,false
2004,16,16,"16","christian-klien",3,false
2004,17,17,"17","cristiano-da-matta",3,false
2004,18,18,"18","nick-heidfeld",3,false
2004,19,19,"19","timo-glock",2,false
2004,20,20,"20","zsolt-baumgartner",1,false
2004,21,21,"21","jacques-villeneuve",0,false
2004,22,22,"22","ricardo-zonta",0,false
2004,23,23,"23","marc-gene",0,false
2004,24,24,"24","giorgio-pantano",0,false
2004,25,25,"25","gianmaria-bruni",0,false
2005,1,1,"1","fernando-alonso",133,true
2005,2,2,"2","kimi-raikkonen",112,false
2005,3,3,"3","michael-schumacher",62,false
2005,4,4,"4","juan-pablo-montoya",60,false
2005,5,5,"5","giancarlo-fisichella",58,false
2005,6,6,"6","ralf-schumacher",45,false
2005,7,7,"7","jarno-trulli",43,false
2005,8,8,"8","rubens-barrichello",38,false
2005,9,9,"9","jenson-button",37,false
2005,10,10,"10","mark-webber",36,false
2005,11,11,"11","nick-heidfeld",28,false
2005,12,12,"12","david-coulthard",24,false
2005,13,13,"13","felipe-massa",11,false
2005,14,14,"14","jacques-villeneuve",9,false
2005,15,15,"15","christian-klien",9,false
2005,16,16,"16","tiago-monteiro",7,false
2005,17,17,"17","alexander-wurz",6,false
2005,18,18,"18","narain-karthikeyan",5,false
2005,19,19,"19","christijan-albers",4,false
2005,20,20,"20","pedro-de-la-rosa",4,false
2005,21,21,"21","patrick-friesacher",3,false
2005,22,22,"22","antonio-pizzonia",2,false
2005,23,23,"23","takuma-sato",1,false
2005,24,24,"24","vitantonio-liuzzi",1,false
2005,25,25,"25","robert-doornbos",0,false
2006,1,1,"1","fernando-alonso",134,true
2006,2,2,"2","michael-schumacher",121,false
2006,3,3,"3","felipe-massa",80,false
2006,4,4,"4","giancarlo-fisichella",72,false
2006,5,5,"5","kimi-raikkonen",65,false
2006,6,6,"6","jenson-button",56,false
2006,7,7,"7","rubens-barrichello",30,false
2006,8,8,"8","juan-pablo-montoya",26,false
2006,9,9,"9","nick-heidfeld",23,false
2006,10,10,"10","ralf-schumacher",20,false
2006,11,11,"11","pedro-de-la-rosa",19,false
2006,12,12,"12","jarno-trulli",15,false
2006,13,13,"13","david-coulthard",14,false
2006,14,14,"14","mark-webber",7,false
2006,15,15,"15","jacques-villeneuve",7,false
2006,16,16,"16","robert-kubica",6,false
2006,17,17,"17","nico-rosberg",4,false
2006,18,18,"18","christian-klien",2,false
2006,19,19,"19","vitantonio-liuzzi",1,false
2006,20,20,"20","scott-speed",0,false
2006,21,21,"21","tiago-monteiro",0,false
2006,22,22,"22","christijan-albers",0,false
2006,23,23,"23","takuma-sato",0,false
2006,24,24,"24","robert-doornbos",0,false
2006,25,25,"25","yuji-ide",0,false
2006,26,26,"26","sakon-yamamoto",0,false
2006,27,27,"27","franck-montagny",0,false
2007,1,1,"1","kimi-raikkonen",110,true
2007,2,2,"2","lewis-hamilton",109,false
2007,3,3,"3","fernando-alonso",109,false
2007,4,4,"4","felipe-massa",94,false
2007,5,5,"5","nick-heidfeld",61,false
2007,6,6,"6","robert-kubica",39,false
2007,7,7,"7","heikki-kovalainen",30,false
2007,8,8,"8","giancarlo-fisichella",21,false
2007,9,9,"9","nico-rosberg",20,false
2007,10,10,"10","david-coulthard",14,false
2007,11,11,"11","alexander-wurz",13,false
2007,12,12,"12","mark-webber",10,false
2007,13,13,"13","jarno-trulli",8,false
2007,14,14,"14","sebastian-vettel",6,false
2007,15,15,"15","jenson-button",6,false
2007,16,16,"16","ralf-schumacher",5,false
2007,17,17,"17","takuma-sato",4,false
2007,18,18,"18","vitantonio-liuzzi",3,false
2007,19,19,"19","adrian-sutil",1,false
2007,20,20,"20","rubens-barrichello",0,false
2007,21,21,"21","scott-speed",0,false
2007,22,22,"22","kazuki-nakajima",0,false
2007,23,23,"23","anthony-davidson",0,false
2007,24,24,"24","sakon-yamamoto",0,false
2007,25,25,"25","christijan-albers",0,false
2008,1,1,"1","lewis-hamilton",98,true
2008,2,2,"2","felipe-massa",97,false
2008,3,3,"3","kimi-raikkonen",75,false
2008,4,4,"4","robert-kubica",75,false
2008,5,5,"5","fernando-alonso",61,false
2008,6,6,"6","nick-heidfeld",60,false
2008,7,7,"7","heikki-kovalainen",53,false
2008,8,8,"8","sebastian-vettel",35,false
2008,9,9,"9","jarno-trulli",31,false
2008,10,10,"10","timo-glock",25,false
2008,11,11,"11","mark-webber",21,false
2008,12,12,"12","nelson-piquet-jr",19,false
2008,13,13,"13","nico-rosberg",17,false
2008,14,14,"14","rubens-barrichello",11,false
2008,15,15,"15","kazuki-nakajima",9,false
2008,16,16,"16","david-coulthard",8,false
2008,17,17,"17","sebastien-bourdais",4,false
2008,18,18,"18","jenson-button",3,false
2008,19,19,"19","giancarlo-fisichella",0,false
2008,20,20,"20","adrian-sutil",0,false
2008,21,21,"21","takuma-sato",0,false
2008,22,22,"22","anthony-davidson",0,false
2009,1,1,"1","jenson-button",95,true
2009,2,2,"2","sebastian-vettel",84,false
2009,3,3,"3","rubens-barrichello",77,false
2009,4,4,"4","mark-webber",69.5,false
2009,5,5,"5","lewis-hamilton",49,false
2009,6,6,"6","kimi-raikkonen",48,false
2009,7,7,"7","nico-rosberg",34.5,false
2009,8,8,"8","jarno-trulli",32.5,false
2009,9,9,"9","fernando-alonso",26,false
2009,10,10,"10","timo-glock",24,false
2009,11,11,"11","felipe-massa",22,false
2009,12,12,"12","heikki-kovalainen",22,false
2009,13,13,"13","nick-heidfeld",19,false
2009,14,14,"14","robert-kubica",17,false
2009,15,15,"15","giancarlo-fisichella",8,false
2009,16,16,"16","sebastien-buemi",6,false
2009,17,17,"17","adrian-sutil",5,false
2009,18,18,"18","kamui-kobayashi",3,false
2009,19,19,"19","sebastien-bourdais",2,false
2009,20,20,"20","kazuki-nakajima",0,false
2009,21,21,"21","nelson-piquet-jr",0,false
2009,22,22,"22","vitantonio-liuzzi",0,false
2009,23,23,"23","romain-grosjean",0,false
2009,24,24,"24","jaime-alguersuari",0,false
2009,25,25,"25","luca-badoer",0,false
2010,1,1,"1","sebastian-vettel",256,true
2010,2,2,"2","fernando-alonso",252,false
2010,3,3,"3","mark-webber",242,false
2010,4,4,"4","lewis-hamilton",240,false
2010,5,5,"5","jenson-button",214,false
2010,6,6,"6","felipe-massa",144,false
2010,7,7,"7","nico-rosberg",142,false
2010,8,8,"8","robert-kubica",136,false
2010,9,9,"9","michael-schumacher",72,false
2010,10,10,"10","rubens-barrichello",47,false
2010,11,11,"11","adrian-sutil",47,false
2010,12,12,"12","kamui-kobayashi",32,false
2010,13,13,"13","vitaly-petrov",27,false
2010,14,14,"14","nico-hulkenberg",22,false
2010,15,15,"15","vitantonio-liuzzi",21,false
2010,16,16,"16","sebastien-buemi",8,false
2010,17,17,"17","pedro-de-la-rosa",6,false
2010,18,18,"18","nick-heidfeld",6,false
2010,19,19,"19","jaime-alguersuari",5,false
2010,20,20,"20","heikki-kovalainen",0,false
2010,21,21,"21","jarno-trulli",0,false
2010,22,22,"22","karun-chandhok",0,false
2010,23,23,"23","bruno-senna",0,false
2010,24,24,"24","lucas-di-grassi",0,false
2010,25,25,"25","timo-glock",0,false
2010,26,26,"26","sakon-yamamoto",0,false
2010,27,27,"27","christian-klien",0,false
2011,1,1,"1","sebastian-vettel",392,true
2011,2,2,"2","jenson-button",270,false
2011,3,3,"3","mark-webber",258,false
2011,4,4,"4","fernando-alonso",257,false
2011,5,5,"5","lewis-hamilton",227,false
2011,6,6,"6","felipe-massa",118,false
2011,7,7,"7","nico-rosberg",89,false
2011,8,8,"8","michael-schumacher",76,false
2011,9,9,"9","adrian-sutil",42,false
2011,10,10,"10","vitaly-petrov",37,false
2011,11,11,"11","nick-heidfeld",34,false
2011,12,12,"12","kamui-kobayashi",30,false
2011,13,13,"13","paul-di-resta",27,false
2011,14,14,"14","jaime-alguersuari",26,false
2011,15,15,"15","sebastien-buemi",15,false
2011,16,16,"16","sergio-perez",14,false
2011,17,17,"17","rubens-barrichello",4,false
2011,18,18,"18","bruno-senna",2,false
2011,19,19,"19","pastor-maldonado",1,false
2011,20,20,"20","pedro-de-la-rosa",0,false
2011,21,21,"21","jarno-trulli",0,false
2011,22,22,"22","heikki-kovalainen",0,false
2011,23,23,"23","vitantonio-liuzzi",0,false
2011,24,24,"24","jerome-dambrosio",0,false
2011,25,25,"25","timo-glock",0,false
2011,26,26,"26","narain-karthikeyan",0,false
2011,27,27,"27","daniel-ricciardo",0,false
2011,28,28,"28","karun-chandhok",0,false
2012,1,1,"1","sebastian-vettel",281,true
2012,2,2,"2","fernando-alonso",278,false
2012,3,3,"3","kimi-raikkonen",207,false
2012,4,4,"4","lewis-hamilton",190,false
2012,5,5,"5","jenson-button",188,false
2012,6,6,"6","mark-webber",179,false
2012,7,7,"7","felipe-massa",122,false
2012,8,8,"8","romain-grosjean",96,false
2012,9,9,"9","nico-rosberg",93,false
2012,10,10,"10","sergio-perez",66,false
2012,11,11,"11","nico-hulkenberg",63,false
2012,12,12,"12","kamui-kobayashi",60,false
2012,13,13,"13","michael-schumacher",49,false
2012,14,14,"14","paul-di-resta",46,false
2012,15,15,"15","pastor-maldonado",45,false
2012,16,16,"16","bruno-senna",31,false
2012,17,17,"17","jean-eric-vergne",16,false
2012,18,18,"18","daniel-ricciardo",10,false
2012,19,19,"19","vitaly-petrov",0,false
2012,20,20,"20","timo-glock",0,false
2012,21,21,"21","charles-pic",0,false
2012,22,22,"22","heikki-kovalainen",0,false
2012,23,23,"23","jerome-dambrosio",0,false
2012,24,24,"24","narain-karthikeyan",0,false
2012,25,25,"25","pedro-de-la-rosa",0,false
2013,1,1,"1","sebastian-vettel",397,true
2013,2,2,"2","fernando-alonso",242,false
2013,3,3,"3","mark-webber",199,false
2013,4,4,"4","lewis-hamilton",189,false
2013,5,5,"5","kimi-raikkonen",183,false
2013,6,6,"6","nico-rosberg",171,false
2013,7,7,"7","romain-grosjean",132,false
2013,8,8,"8","felipe-massa",112,false
2013,9,9,"9","jenson-button",73,false
2013,10,10,"10","nico-hulkenberg",51,false
2013,11,11,"11","sergio-perez",49,false
2013,12,12,"12","paul-di-resta",48,false
2013,13,13,"13","adrian-sutil",29,false
2013,14,14,"14","daniel-ricciardo",20,false
2013,15,15,"15","jean-eric-vergne",13,false
2013,16,16,"16","esteban-gutierrez",6,false
2013,17,17,"17","valtteri-bottas",4,false
2013,18,18,"18","pastor-maldonado",1,false
2013,19,19,"19","jules-bianchi",0,false
2013,20,20,"20","charles-pic",0,false
2013,21,21,"21","heikki-kovalainen",0,false
2013,22,22,"22","giedo-van-der-garde",0,false
2013,23,23,"23","max-chilton",0,false
2014,1,1,"1","lewis-hamilton",384,true
2014,2,2,"2","nico-rosberg",317,false
2014,3,3,"3","daniel-ricciardo",238,false
2014,4,4,"4","valtteri-bottas",186,false
2014,5,5,"5","sebastian-vettel",167,false
2014,6,6,"6","fernando-alonso",161,false
2014,7,7,"7","felipe-massa",134,false
2014,8,8,"8","jenson-button",126,false
2014,9,9,"9","nico-hulkenberg",96,false
2014,10,10,"10","sergio-perez",59,false
2014,11,11,"11","kevin-magnussen",55,false
2014,12,12,"12","kimi-raikkonen",55,false
2014,13,13,"13","jean-eric-vergne",22,false
2014,14,14,"14","romain-grosjean",8,false
2014,15,15,"15","daniil-kvyat",8,false
2014,16,16,"16","pastor-maldonado",2,false
2014,17,17,"17","jules-bianchi",2,false
2014,18,18,"18","adrian-sutil",0,false
2014,19,19,"19","marcus-ericsson",0,false
2014,20,20,"20","esteban-gutierrez",0,false
2014,21,21,"21","max-chilton",0,false
2014,22,22,"22","kamui-kobayashi",0,false
2014,23,23,"23","will-stevens",0,false
2015,1,1,"1","lewis-hamilton",381,true
2015,2,2,"2","nico-rosberg",322,false
2015,3,3,"3","sebastian-vettel",278,false
2015,4,4,"4","kimi-raikkonen",150,false
2015,5,5,"5","valtteri-bottas",136,false
2015,6,6,"6","felipe-massa",121,false
2015,7,7,"7","daniil-kvyat",95,false
2015,8,8,"8","daniel-ricciardo",92,false
2015,9,9,"9","sergio-perez",78,false
2015,10,10,"10","nico-hulkenberg",58,false
2015,11,11,"11","romain-grosjean",51,false
2015,12,12,"12","max-verstappen",49,false
2015,13,13,"13","felipe-nasr",27,false
2015,14,14,"14","pastor-maldonado",27,false
2015,15,15,"15","carlos-sainz-jr",18,false
2015,16,16,"16","jenson-button",16,false
2015,17,17,"17","fernando-alonso",11,false
2015,18,18,"18","marcus-ericsson",9,false
2015,19,19,"19","roberto-merhi",0,false
2015,20,20,"20","alexander-rossi",0,false
2015,21,21,"21","will-stevens",0,false
2016,1,1,"1","nico-rosberg",385,true
2016,2,2,"2","lewis-hamilton",380,false
2016,3,3,"3","daniel-ricciardo",256,false
2016,4,4,"4","sebastian-vettel",212,false
2016,5,5,"5","max-verstappen",204,false
2016,6,6,"6","kimi-raikkonen",186,false
2016,7,7,"7","sergio-perez",101,false
2016,8,8,"8","valtteri-bottas",85,false
2016,9,9,"9","nico-hulkenberg",72,false
2016,10,10,"10","fernando-alonso",54,false
2016,11,11,"11","felipe-massa",53,false
2016,12,12,"12","carlos-sainz-jr",46,false
2016,13,13,"13","romain-grosjean",29,false
2016,14,14,"14","daniil-kvyat",25,false
2016,15,15,"15","jenson-button",21,false
2016,16,16,"16","kevin-magnussen",7,false
2016,17,17,"17","felipe-nasr",2,false
2016,18,18,"18","jolyon-palmer",1,false
2016,19,19,"19","pascal-wehrlein",1,false
2016,20,20,"20","stoffel-vandoorne",1,false
2016,21,21,"21","esteban-gutierrez",0,false
2016,22,22,"22","marcus-ericsson",0,false
2016,23,23,"23","esteban-ocon",0,false
2016,24,24,"24","rio-haryanto",0,false
2017,1,1,"1","lewis-hamilton",363,true
2017,2,2,"2","sebastian-vettel",317,false
2017,3,3,"3","valtteri-bottas",305,false
2017,4,4,"4","kimi-raikkonen",205,false
2017,5,5,"5","daniel-ricciardo",200,false
2017,6,6,"6","max-verstappen",168,false
2017,7,7,"7","sergio-perez",100,false
2017,8,8,"8","esteban-ocon",87,false
2017,9,9,"9","carlos-sainz-jr",54,false
2017,10,10,"10","nico-hulkenberg",43,false
2017,11,11,"11","felipe-massa",43,false
2017,12,12,"12","lance-stroll",40,false
2017,13,13,"13","romain-grosjean",28,false
2017,14,14,"14","kevin-magnussen",19,false
2017,15,15,"15","fernando-alonso",17,false
2017,16,16,"16","stoffel-vandoorne",13,false
2017,17,17,"17","jolyon-palmer",8,false
2017,18,18,"18","pascal-wehrlein",5,false
2017,19,19,"19","daniil-kvyat",5,false
2017,20,20,"20","marcus-ericsson",0,false
2017,21,21,"21","pierre-gasly",0,false
2017,22,22,"22","antonio-giovinazzi",0,false
2017,23,23,"23","brendon-hartley",0,false
2018,1,1,"1","lewis-hamilton",408,true
2018,2,2,"2","sebastian-vettel",320,false
2018,3,3,"3","kimi-raikkonen",251,false
2018,4,4,"4","max-verstappen",249,false
2018,5,5,"5","valtteri-bottas",247,false
2018,6,6,"6","daniel-ricciardo",170,false
2018,7,7,"7","nico-hulkenberg",69,false
2018,8,8,"8","sergio-perez",62,false
2018,9,9,"9","kevin-magnussen",56,false
2018,10,10,"10","carlos-sainz-jr",53,false
2018,11,11,"11","fernando-alonso",50,false
2018,12,12,"12","esteban-ocon",49,false
2018,13,13,"13","charles-leclerc",39,false
2018,14,14,"14","romain-grosjean",37,false
2018,15,15,"15","pierre-gasly",29,false
2018,16,16,"16","stoffel-vandoorne",12,false
2018,17,17,"17","marcus-ericsson",9,false
2018,18,18,"18","lance-stroll",6,false
2018,19,19,"19","brendon-hartley",4,false
2018,20,20,"20","sergey-sirotkin",1,false
2019,1,1,"1","lewis-hamilton",413,true
2019,2,2,"2","valtteri-bottas",326,false
2019,3,3,"3","max-verstappen",278,false
2019,4,4,"4","charles-leclerc",264,false
2019,5,5,"5","sebastian-vettel",240,false
2019,6,6,"6","carlos-sainz-jr",96,false
2019,7,7,"7","pierre-gasly",95,false
2019,8,8,"8","alexander-albon",92,false
2019,9,9,"9","daniel-ricciardo",54,false
2019,10,10,"10","sergio-perez",52,false
2019,11,11,"11","lando-norris",49,false
2019,12,12,"12","kimi-raikkonen",43,false
2019,13,13,"13","daniil-kvyat",37,false
2019,14,14,"14","nico-hulkenberg",37,false
2019,15,15,"15","lance-stroll",21,false
2019,16,16,"16","kevin-magnussen",20,false
2019,17,17,"17","antonio-giovinazzi",14,false
2019,18,18,"18","romain-grosjean",8,false
2019,19,19,"19","robert-kubica",1,false
2019,20,20,"20","george-russell",0,false
2020,1,1,"1","lewis-hamilton",347,true
2020,2,2,"2","valtteri-bottas",223,false
2020,3,3,"3","max-verstappen",214,false
2020,4,4,"4","sergio-perez",125,false
2020,5,5,"5","daniel-ricciardo",119,false
2020,6,6,"6","carlos-sainz-jr",105,false
2020,7,7,"7","alexander-albon",105,false
2020,8,8,"8","charles-leclerc",98,false
2020,9,9,"9","lando-norris",97,false
2020,10,10,"10","pierre-gasly",75,false
2020,11,11,"11","lance-stroll",75,false
2020,12,12,"12","esteban-ocon",62,false
2020,13,13,"13","sebastian-vettel",33,false
2020,14,14,"14","daniil-kvyat",32,false
2020,15,15,"15","nico-hulkenberg",10,false
2020,16,16,"16","kimi-raikkonen",4,false
2020,17,17,"17","antonio-giovinazzi",4,false
2020,18,18,"18","george-russell",3,false
2020,19,19,"19","romain-grosjean",2,false
2020,20,20,"20","kevin-magnussen",1,false
2020,21,21,"21","nicholas-latifi",0,false
2020,22,22,"22","jack-aitken",0,false
2020,23,23,"23","pietro-fittipaldi",0,false
2021,1,1,"1","max-verstappen",395.5,true
2021,2,2,"2","lewis-hamilton",387.5,false
2021,3,3,"3","valtteri-bottas",226,false
2021,4,4,"4","sergio-perez",190,false
2021,5,5,"5","carlos-sainz-jr",164.5,false
2021,6,6,"6","lando-norris",160,false
2021,7,7,"7","charles-leclerc",159,false
2021,8,8,"8","daniel-ricciardo",115,false
2021,9,9,"9","pierre-gasly",110,false
2021,10,10,"10","fernando-alonso",81,false
2021,11,11,"11","esteban-ocon",74,false
2021,12,12,"12","sebastian-vettel",43,false
2021,13,13,"13","lance-stroll",34,false
2021,14,14,"14","yuki-tsunoda",32,false
2021,15,15,"15","george-russell",16,false
2021,16,16,"16","kimi-raikkonen",10,false
2021,17,17,"17","nicholas-latifi",7,false
2021,18,18,"18","antonio-giovinazzi",3,false
2021,19,19,"19","mick-schumacher",0,false
2021,20,20,"20","robert-kubica",0,false
2021,21,21,"21","nikita-mazepin",0,false
2022,1,1,"1","max-verstappen",454,true
2022,2,2,"2","charles-leclerc",308,false
2022,3,3,"3","sergio-perez",305,false
2022,4,4,"4","george-russell",275,false
2022,5,5,"5","carlos-sainz-jr",246,false
2022,6,6,"6","lewis-hamilton",240,false
2022,7,7,"7","lando-norris",122,false
2022,8,8,"8","esteban-ocon",92,false
2022,9,9,"9","fernando-alonso",81,false
2022,10,10,"10","valtteri-bottas",49,false
2022,11,11,"11","daniel-ricciardo",37,false
2022,12,12,"12","sebastian-vettel",37,false
2022,13,13,"13","kevin-magnussen",25,false
2022,14,14,"14","pierre-gasly",23,false
2022,15,15,"15","lance-stroll",18,false
2022,16,16,"16","mick-schumacher",12,false
2022,17,17,"17","yuki-tsunoda",12,false
2022,18,18,"18","guanyu-zhou",6,false
2022,19,19,"19","alexander-albon",4,false
2022,20,20,"20","nicholas-latifi",2,false
2022,21,21,"21","nyck-de-vries",2,false
2022,22,22,"22","nico-hulkenberg",0,false
2023,1,1,"1","max-verstappen",575,true
2023,2,2,"2","sergio-perez",285,false
2023,3,3,"3","lewis-hamilton",234,false
2023,4,4,"4","fernando-alonso",206,false
2023,5,5,"5","charles-leclerc",206,false
2023,6,6,"6","lando-norris",205,false
2023,7,7,"7","carlos-sainz-jr",200,false
2023,8,8,"8","george-russell",175,false
2023,9,9,"9","oscar-piastri",97,false
2023,10,10,"10","lance-stroll",74,false
2023,11,11,"11","pierre-gasly",62,false
2023,12,12,"12","esteban-ocon",58,false
2023,13,13,"13","alexander-albon",27,false
2023,14,14,"14","yuki-tsunoda",17,false
2023,15,15,"15","valtteri-bottas",10,false
2023,16,16,"16","nico-hulkenberg",9,false
2023,17,17,"17","daniel-ricciardo",6,false
2023,18,18,"18","guanyu-zhou",6,false
2023,19,19,"19","kevin-magnussen",3,false
2023,20,20,"20","liam-lawson",2,false
2023,21,21,"21","logan-sargeant",1,false
2023,22,22,"22","nyck-de-vries",0,false
2024,1,1,"1","max-verstappen",437,true
2024,2,2,"2","lando-norris",374,false
2024,3,3,"3","charles-leclerc",356,false
2024,4,4,"4","oscar-piastri",292,false
2024,5,5,"5","carlos-sainz-jr",290,false
2024,6,6,"6","george-russell",245,false
2024,7,7,"7","lewis-hamilton",223,false
2024,8,8,"8","sergio-perez",152,false
2024,9,9,"9","fernando-alonso",70,false
2024,10,10,"10","pierre-gasly",42,false
2024,11,11,"11","nico-hulkenberg",41,false
2024,12,12,"12","yuki-tsunoda",30,false
2024,13,13,"13","lance-stroll",24,false
2024,14,14,"14","esteban-ocon",23,false
2024,15,15,"15","kevin-magnussen",16,false
2024,16,16,"16","alexander-albon",12,false
2024,17,17,"17","daniel-ricciardo",12,false
2024,18,18,"18","oliver-bearman",7,false
2024,19,19,"19","franco-colapinto",5,false
2024,20,20,"20","guanyu-zhou",4,false
2024,21,21,"21","liam-lawson",4,false
2024,22,22,"22","valtteri-bottas",0,false
2024,23,23,"23","logan-sargeant",0,false
2024,24,24,"24","jack-doohan",0,false
2025,1,1,"1","lando-norris",423,true
2025,2,2,"2","max-verstappen",421,false
2025,3,3,"3","oscar-piastri",410,false
2025,4,4,"4","george-russell",319,false
2025,5,5,"5","charles-leclerc",242,false
2025,6,6,"6","lewis-hamilton",156,false
2025,7,7,"7","kimi-antonelli",150,false
2025,8,8,"8","alexander-albon",73,false
2025,9,9,"9","carlos-sainz-jr",64,false
2025,10,10,"10","fernando-alonso",56,false
2025,11,11,"11","nico-hulkenberg",51,false
2025,12,12,"12","isack-hadjar",51,false
2025,13,13,"13","oliver-bearman",41,false
2025,14,14,"14","liam-lawson",38,false
2025,15,15,"15","esteban-ocon",38,false
2025,16,16,"16","lance-stroll",33,false
2025,17,17,"17","yuki-tsunoda",33,false
2025,18,18,"18","pierre-gasly",22,false
2025,19,19,"19","gabriel-bortoleto",19,false
2025,20,20,"20","franco-colapinto",0,false
2025,21,21,"21","jack-doohan",0,false
